<?xml version="1.0" encoding="UTF-8"?>
<resource name="total_order_amount.xslt" isCollection="false" path="/_system/config/total_order_amount.xslt" registryUrl="https://localhost:9443/registry" md5="da8badf2246eb0b74cb686f68d541f8d">
    <mediaType>application/xml</mediaType>
    <version>1844</version>
    <creator>admin</creator>
    <createdTime>1277482288897</createdTime>
    <lastUpdater>admin</lastUpdater>
    <lastModified>1277482288897</lastModified>
    <description/>
</resource>
