<?xml version="1.0" encoding="UTF-8"?>
<artifacts>
    <artifact name="ShoppingCartSample" version="1.0.0" type="carbon/application">
        <dependency artifact="AcmeSalesGadgets" version="1.0.0" serverRole="GadgetServer"/>
        <dependency artifact="AdminPortal" version="1.0.0" serverRole="ApplicationServer"/>
        <dependency artifact="AdminService" version="1.0.0" serverRole="EnterpriseServiceBus"/>
        <dependency artifact="AdminServiceEP" version="1.0.0" serverRole="EnterpriseServiceBus"/>
        <dependency artifact="FinancialConnectorService" version="1.0.0" serverRole="ApplicationServer"/>
		<dependency artifact="FinanceConnectorServiceEP" version="1.0.0" serverRole="EnterpriseServiceBus"/>
        <dependency artifact="ProductService" version="1.0.0" serverRole="EnterpriseServiceBus"/>
        <dependency artifact="ProductServiceEP" version="1.0.0" serverRole="EnterpriseServiceBus"/>
        <dependency artifact="PurchasingService" version="1.0.0" serverRole="EnterpriseServiceBus"/>
        <dependency artifact="PurchasingServiceEP" version="1.0.0" serverRole="EnterpriseServiceBus"/>
		<dependency artifact="ReorderTask" version="1.0.0" serverRole="EnterpriseServiceBus"/>
		<dependency artifact="Sequence" version="1.0.0" serverRole="EnterpriseServiceBus"/>
        <dependency artifact="RegistryResources" version="1.0.0" serverRole="GovernanceRegistry"/>
        <dependency artifact="ReOrderProcess" version="1.0.0" serverRole="BusinessProcessServer"/>
        <dependency artifact="ShoppingCartDS" version="1.0.0" serverRole="DataServicesServer"/>
        <dependency artifact="SupplierOrderService" version="1.0.0" serverRole="ApplicationServer"/>
        <dependency artifact="UserPortal" version="1.0.0" serverRole="ApplicationServer"/>
		<dependency artifact="RelatedProductsService" version="1.0.0" serverRole="MashupServer"/>
    </artifact>
</artifacts>
