<assembly>
    <formats>
        <format>dir</format>
    </formats>
    <includeBaseDirectory>false</includeBaseDirectory>

    <dependencySets>
        <dependencySet>
            <outputDirectory>plugins</outputDirectory>
            <includes>
                <include>org.eclipse.equinox:org.eclipse.equinox.common:jar</include>
                <include>org.eclipse.equinox:org.eclipse.equinox.simpleconfigurator:jar</include>
                <include>org.eclipse.equinox:org.eclipse.equinox.ds:jar</include>
                <include>org.eclipse.equinox:org.eclipse.equinox.launcher:jar</include>
                <include>org.eclipse.equinox:org.eclipse.equinox.util:jar</include>
                <include>org.eclipse.osgi:org.eclipse.osgi.services:jar</include>
                <include>org.eclipse.osgi:org.eclipse.osgi:jar</include>
                 <!-- p2 dependencies -->
                <include>org.eclipse.equinox:org.eclipse.equinox.app:jar</include>
                <include>org.eclipse.equinox:org.eclipse.equinox.concurrent:jar</include>
                <include>org.eclipse.equinox:org.eclipse.equinox.frameworkadmin:jar</include>
                <include>org.eclipse.equinox:org.eclipse.equinox.frameworkadmin.equinox:jar</include>
                <include>org.eclipse.equinox:org.eclipse.equinox.preferences:jar</include>
                <include>org.eclipse.equinox:org.eclipse.equinox.registry:jar</include>
                <include>org.eclipse.equinox:org.eclipse.equinox.security:jar</include>
                <include>org.eclipse.equinox:org.eclipse.equinox.simpleconfigurator.manipulator:jar</include>
                <include>org.eclipse.core:org.eclipse.core.commands:jar</include>
                <include>org.eclipse.core:org.eclipse.core.contenttype:jar</include>
                <include>org.eclipse.core:org.eclipse.core.expressions:jar</include>
                <include>org.eclipse.core:org.eclipse.core.jobs:jar</include>
                <include>org.eclipse.core:org.eclipse.core.net:jar</include>
                <include>org.eclipse.core:org.eclipse.core.runtime:jar</include>
                <include>org.eclipse.core:org.eclipse.core.runtime.compatibility.auth:jar</include>
                <include>org.eclipse.ecf:org.eclipse.ecf:jar</include>
                <include>org.eclipse.ecf:org.eclipse.ecf.filetransfer:jar</include>
                <include>org.eclipse.ecf:org.eclipse.ecf.identity:jar</include>
                <include>org.eclipse.ecf:org.eclipse.ecf.provider.filetransfer:jar</include>
                <include>org.eclipse:org.sat4j.core:jar</include>
                <include>org.eclipse:org.sat4j.pb:jar</include>
                <include>org.eclipse:com.ibm.icu:jar</include>

                <include>org.eclipse.equinox:org.eclipse.equinox.p2.artifact.repository:jar</include>
                <include>org.eclipse.equinox:org.eclipse.equinox.p2.console:jar</include>
                <include>org.eclipse.equinox:org.eclipse.equinox.p2.core:jar</include>
                <include>org.eclipse.equinox:org.eclipse.equinox.p2.director:jar</include>
                <include>org.eclipse.equinox:org.eclipse.equinox.p2.engine:jar</include>
                <include>org.eclipse.equinox:org.eclipse.equinox.p2.exemplarysetup:jar</include>
                <include>org.eclipse.equinox:org.eclipse.equinox.p2.garbagecollector:jar</include>
                <include>org.eclipse.equinox:org.eclipse.equinox.p2.jarprocessor:jar</include>
                <include>org.eclipse.equinox:org.eclipse.equinox.p2.metadata:jar</include>
                <include>org.eclipse.equinox:org.eclipse.equinox.p2.metadata.repository:jar</include>
                <include>org.eclipse.equinox:org.eclipse.equinox.p2.publisher:jar</include>
                <include>org.eclipse.equinox:org.eclipse.equinox.p2.touchpoint.eclipse:jar</include>
                <include>org.eclipse.equinox:org.eclipse.equinox.p2.touchpoint.natives:jar</include>
                <include>org.eclipse.equinox:org.eclipse.equinox.p2.updatechecker:jar</include>
                <include>org.eclipse.equinox:org.eclipse.equinox.p2.director.app:jar</include>
                <include>org.eclipse.equinox:org.eclipse.equinox.p2.directorywatcher:jar</include>
                <include>org.eclipse.equinox:org.eclipse.equinox.p2.extensionlocation:jar</include>
                <include>org.eclipse.equinox:org.eclipse.equinox.p2.metadata.generator:jar</include>
                <include>org.eclipse.equinox:org.eclipse.equinox.p2.reconciler.dropins:jar</include>
                <include>org.eclipse.equinox:org.eclipse.equinox.p2.repository.tools:jar</include>
                <include>org.eclipse.equinox:org.eclipse.equinox.p2.repository:jar</include>
                <include>org.eclipse.equinox:org.eclipse.equinox.p2.updatesite:jar</include>
            </includes>
        </dependencySet>
    </dependencySets>

    <fileSets>
        <fileSet>
            <directory>src/config/p2-profile-gen</directory>
            <outputDirectory></outputDirectory>
        </fileSet>
    </fileSets>
</assembly>
