<service name="FinancialConnectorService" >
	<description>
		Please Type your service description here
	</description>
	<messageReceivers>
		<messageReceiver mep="http://www.w3.org/2004/08/wsdl/in-only" class="org.apache.axis2.rpc.receivers.RPCInOnlyMessageReceiver" />
		<messageReceiver  mep="http://www.w3.org/2004/08/wsdl/in-out"  class="org.apache.axis2.rpc.receivers.RPCMessageReceiver"/>
	</messageReceivers>
	<parameter name="ServiceClass" locked="false">com.acme.shoppingcart.connectors.FinanceConnectorService</parameter>
</service>
