<?xml version="1.0" encoding="UTF-8"?>
<task xmlns="http://ws.apache.org/ns/synapse" name="BPSReorderTask" class="org.apache.synapse.startup.tasks.MessageInjector" group="synapse.simple.quartz">
	<trigger interval="36000"/>
    <property xmlns:task="http://www.wso2.org/products/wso2commons/tasks" name="soapAction" value="http://acme.com/shoppingcart/reorder/initiate"/>
    <property xmlns:task="http://www.wso2.org/products/wso2commons/tasks" name="format" value="soap11"/>
    <property xmlns:task="http://www.wso2.org/products/wso2commons/tasks" name="to" value="http://localhost:9766/services/ReOrderProcessService"/>
    <property xmlns:task="http://www.wso2.org/products/wso2commons/tasks" name="message">
    	<reor:ReOrderProcessRequest xmlns:reor="http://acme.com/shoppingcart/reorder">
    		<reor:input>REORDER</reor:input>
       	</reor:ReOrderProcessRequest>
   	</property>
</task>

