<?xml version="1.0" encoding="UTF-8"?>
<proxy xmlns="http://ws.apache.org/ns/synapse"
    name="PurchasingService" statistics="disable" trace="disable" transports="https http">
    <target>
        <inSequence>
            <log category="INFO" level="custom" separator=",">
                <property name="DEBUG" value="IN SEQ"/>
            </log>
            <filter xmlns:pur="http://shoppingcart.acme.com/purchase" xpath="count(//pur:checkout) > 0">
                <then>
                    <log category="INFO" level="custom" separator=",">
                        <property name="DEBUG" value="Request Received - checkout"/>
                    </log>
                    <enrich>
                        <source clone="true" type="body"/>
                        <target action="replace"
                            property="ORIGINAL_CHECKOUT_REQ" type="property"/>
                    </enrich>
                    <enrich>
                        <source clone="false" type="custom"
                            xmlns:xsd="http://shoppingcart.acme.com/purchase/xsd" xpath="//pur:checkout/pur:customerDetails/xsd:email/text()"/>
                        <target action="replace"
                            property="CUSTOMER_EMAIL" type="property"/>
                    </enrich>
                    <xslt key="conf:/conf/customer_details_by_email.xslt">
                        <property
                            expression="get-property('CUSTOMER_EMAIL')" name="CUSTOMER_EMAIL"/>
                    </xslt>
                    <log category="INFO" level="custom" separator=",">
                        <property name="DEBUG" value="XSLT Transformation completed- getCustomerByEmail"/>
                    </log>
					<header name="Action" value="urn:getCustomerByEmail"/>
                    <property action="set" name="STATE_NUMBER"
                        scope="default" type="STRING" value="0"/>
                    <log category="INFO" level="custom" separator=",">
                        <property name="DEBUG" value="Request Sent - getCustomerByEmail"/>
                    </log>
                    <send>
                        <endpoint key="PurchasingServiceEP"/>
                    </send>
                </then>
                <else/>
            </filter>
        </inSequence>
        <outSequence>
            <log category="INFO" level="custom" separator=",">
                <property name="DEBUG" value="Purchasing Service : OUT_SEQ"/>
            </log>
            <switch source="get-property('STATE_NUMBER')">
                <case regex="0">
                    <filter
                        xmlns:cus="http://shoppingcart.acme.com/customer" xpath="count(//cus:Customers) > 0">
                        <then>
                            <log category="INFO" level="custom" separator=",">
                                <property name="DEBUG" value="Filtered 'Customers' Response"/>
                            </log>
                            <filter xpath="count(//cus:Customers/cus:Customer/cus:customerEmail) > 0">
                                <then>
                                    <log category="INFO" level="custom" separator=",">
                                    <property name="DEBUG" value="Serving Existing Customer"/>
                                    </log>
                                </then>
                                <else>
                                    <log category="INFO" level="custom" separator=",">
                                    <property name="DEBUG" value="Adding New Customer"/>
                                    </log>
                                    <enrich>
                                    <source clone="false"
                                    property="ORIGINAL_CHECKOUT_REQ" type="property"/>
                                    <target action="replace" type="body"/>
                                    </enrich>
                                    <xslt key="conf:/conf/new_customer.xslt">
                                    <property
                                    expression="get-property('CUSTOMER_EMAIL')" name="CUSTOMER_EMAIL"/>
                                    </xslt>
                                    <log category="INFO" level="custom" separator=",">
                                    <property name="DEBUG" value="XSLT Transformation completed- addNewCustomer"/>
                                    </log>
									<header name="Action" value="urn:addNewCustomer"/>
                                    <send>
                                    	<endpoint key="PurchasingServiceEP"/>
                                    </send>
                                    <log category="INFO" level="custom" separator=",">
                                    <property name="DEBUG" value="Request Sent - addNewCustomer"/>
                                    </log>
                                </else>
                            </filter>
                            <enrich>
                                <source clone="false"
                                    property="ORIGINAL_CHECKOUT_REQ" type="property"/>
                                <target action="replace" type="body"/>
                            </enrich>
                            <xslt key="conf:/conf/new_order.xslt">
                                <property
                                    expression="get-property('CUSTOMER_EMAIL')" name="CUSTOMER_EMAIL"/>
                            </xslt>
                            <log category="INFO" level="custom" separator=",">
                                <property name="DEBUG" value="XSLT Transformation completed- addNewOrder"/>
                            </log>
                            <property action="set" name="STATE_NUMBER"
                                scope="default" type="STRING" value="1"/>
							<header name="Action" value="urn:addNewOrder"/>
                            <send>
                                <endpoint key="PurchasingServiceEP"/>
                            </send>
                            <log category="INFO" level="custom" separator=",">
                                <property name="DEBUG" value="Request Sent - addNewOrder"/>
                                <property
                                    expression="get-property('STATE_NUMBER')" name="STATE_NUMBER"/>
                            </log>
                        </then>
                        <else/>
                    </filter>
                </case>
                <case regex="1">
                    <log category="INFO" level="custom" separator=",">
                        <property name="DEBUG" value="Filtered 'Orders' Response"/>
                    </log>
                    <log category="INFO" level="full" separator=",">
                        <property name="DEBUG" value="Response Received - addNewOrder - OUT_SEQ"/>
                        <property
                            expression="get-property('STATE_NUMBER')" name="STATE_NUMBER"/>
                    </log>
                    <enrich>
                        <source clone="false" type="custom"
                            xmlns:ord="http://shoppingcart.acme.com/order" xpath="//ord:Orders/ord:Order/ord:OrderNumber/text()"/>
                        <target action="replace" property="ORDER_NUMBER" type="property"/>
                    </enrich>
                    <log category="INFO" level="custom" separator=",">
                        <property
                            expression="get-property('ORDER_NUMBER')" name="ORDER_NUMBER"/>
                    </log>
                    <enrich>
                        <source clone="false"
                            property="ORIGINAL_CHECKOUT_REQ" type="property"/>
                        <target action="replace" type="body"/>
                    </enrich>
                    <log category="INFO" level="custom" separator=",">
                        <property name="DEBUG" value="Splitting and Iteration  - Starting- OUT_SEQ"/>
                    </log>
                    <enrich>
                        <source clone="true" type="envelope"/>
                        <target action="replace" property="temp_env" type="property"/>
                    </enrich>
                    <iterate
                        attachPath="//pur:checkout/pur:purchaseOrder"
                        continueParent="true"
                        expression="//pur:checkout/pur:purchaseOrder/xsd:order"
                        preservePayload="true"
                        xmlns:pur="http://shoppingcart.acme.com/purchase" xmlns:xsd="http://shoppingcart.acme.com/purchase/xsd">
                        <target>
                            <sequence>
                                <property action="set"
                                    name="STATE_NUMBER" scope="default"
                                    type="STRING" value="2"/>
                                <enrich>
                                    <source clone="false" type="custom" xpath="//pur:checkout/pur:purchaseOrder/xsd:order/xsd:code/text()"/>
                                    <target action="replace"
                                    property="PROD_CODE_TMP" type="property"/>
                                </enrich>
                                <enrich>
                                    <source clone="false" type="custom" xpath="//pur:checkout/pur:purchaseOrder/xsd:order/xsd:quantity/text()"/>
                                    <target action="replace"
                                    property="PROD_QTY_TMP" type="property"/>
                                </enrich>
                                <xslt key="conf:/conf/new_order_item.xslt">
                                    <property
                                    expression="get-property('ORDER_NUMBER')" name="ORDER_NUMBER"/>
                                    <property
                                    expression="get-property('PROD_CODE_TMP')" name="PROD_CODE_TMP"/>
                                    <property
                                    expression="get-property('PROD_QTY_TMP')" name="PROD_QTY_TMP"/>
                                </xslt>
                                <log category="INFO" level="custom" separator=",">
                                    <property name="DEBUG" value="XSLT Transformation completed- addNewOrderItem"/>
                                </log>
								<header name="Action" value="urn:addNewOrderItem"/>
                                <send>
                                    <endpoint key="PurchasingServiceEP"/>
                                </send>
                                <log category="INFO" level="custom" separator=",">
                                    <property name="DEBUG" value="Request SENT - addNewOrderItem"/>
                                    <property
                                    expression="get-property('ORDER_NUMBER')" name="ORDER_NUMBER"/>
                                    <property
                                    expression="get-property('PROD_CODE_TMP')" name="PROD_CODE_TMP"/>
                                    <property
                                    expression="get-property('PROD_QTY_TMP')" name="PROD_QTY_TMP"/>
                                </log>
                            </sequence>
                        </target>
                    </iterate>
                    <enrich>
                        <source clone="false" property="temp_env" type="property"/>
                        <target action="replace" type="envelope"/>
                    </enrich>
                    <iterate
                        attachPath="//pur:checkout/pur:purchaseOrder"
                        continueParent="true"
                        expression="//pur:checkout/pur:purchaseOrder/xsd:order"
                        preservePayload="true"
                        xmlns:pur="http://shoppingcart.acme.com/purchase" xmlns:xsd="http://shoppingcart.acme.com/purchase/xsd">
                        <target>
                            <sequence>
                                <property action="set"
                                    name="STATE_NUMBER" scope="default"
                                    type="STRING" value="-1"/>
                                <property action="set" name="OUT_ONLY"
                                    scope="axis2" type="STRING" value="true"/>
                                <enrich>
                                    <source clone="false" type="custom" xpath="//pur:checkout/pur:purchaseOrder/xsd:order/xsd:code/text()"/>
                                    <target action="replace"
                                    property="PROD_CODE_TMP" type="property"/>
                                </enrich>
                                <enrich>
                                    <source clone="false" type="custom" xpath="//pur:checkout/pur:purchaseOrder/xsd:order/xsd:quantity/text()"/>
                                    <target action="replace"
                                    property="PROD_QTY_TMP" type="property"/>
                                </enrich>
                                <xslt key="conf:/conf/decrement_product-stock.xslt">
                                    <property
                                    expression="get-property('PROD_CODE_TMP')" name="PROD_CODE_TMP"/>
                                    <property
                                    expression="get-property('PROD_QTY_TMP')" name="PROD_QTY_TMP"/>
                                </xslt>
                                <log category="INFO" level="custom" separator=",">
                                    <property name="DEBUG" value="XSLT Transformation completed- decrementProductStock"/>
                                </log>
								<header name="Action" value="urn:decrementProductStock"/>				
                                <send>
                                    <endpoint key="PurchasingServiceEP"/>
                                </send>
                            </sequence>
                        </target>
                    </iterate>
                </case>
                <case regex="3">
                    <log category="INFO" level="full" separator=",">
                        <property name="DEBUG" value="Response Received : totalOrderAmount"/>
                        <property
                            expression="get-property('STATE_NUMBER')" name="STATE_NUMBER"/>
                    </log>
                    <enrich>
                        <source clone="false" type="custom"
                            xmlns:ord="http://shoppingcart.acme.com/order" xpath="//ord:Orders/ord:Order/ord:total/text()"/>
                        <target action="replace" property="TOTAL_AMOUNT" type="property"/>
                    </enrich>
                    <log category="INFO" level="custom" separator=",">
                        <property
                            expression="get-property('TOTAL_AMOUNT')" name="TOTAL_AMOUNT"/>
                    </log>
                    <enrich>
                        <source clone="false"
                            property="ORIGINAL_CHECKOUT_REQ" type="property"/>
                        <target action="replace" type="body"/>
                    </enrich>
                    <xslt key="conf:/conf/finance_connector.xslt">
                        <property
                            expression="get-property('TOTAL_AMOUNT')" name="TOTAL_AMOUNT"/>
                    </xslt>
                    <log category="INFO" level="custom" separator=",">
                        <property name="DEBUG" value="XSLT Transformation completed - FinanceConnectorService"/>
                    </log>
                    <property action="set" name="STATE_NUMBER"
                        scope="default" type="STRING" value="4"/>
					<header name="Action" value="urn:notifyPurchase"/>
                    <send>
                        <endpoint key="FinanceConnectorServiceEP"/>
                    </send>
                    <log category="INFO" level="custom" separator=",">
                        <property name="DEBUG" value="Notification SENT"/>
                    </log>
                    <drop/>
                </case>
                <case regex="2">
                    <aggregate>
                        <completeCondition timeout="0">
                            <messageCount max="-1" min="-1"/>
                        </completeCondition>
                        <onComplete expression="//OrderItems" xmlns:ord="http://shoppingcart.acme.com/order/new">
                            <property action="set" name="DEBUG"
                                scope="default" type="STRING" value="Aggregation competed...."/>
                            <log category="INFO" level="full" separator=",">
                                <property name="DEBUG" value="Iterating invoked and continue parent.."/>
                            </log>
                            <enrich>
                                <source clone="false"
                                    property="ORIGINAL_CHECKOUT_REQ" type="property"/>
                                <target action="replace" type="body"/>
                            </enrich>
                            <xslt key="conf:/conf/total_order_amount.xslt">
                                <property
                                    expression="get-property('ORDER_NUMBER')" name="ORDER_NUMBER"/>
                            </xslt>
                            <log category="INFO" level="custom" separator=",">
                                <property name="DEBUG" value="XSLT Transformation completed : totalOrderAmount"/>
                            </log>
                            <property action="set" name="STATE_NUMBER"
                                scope="default" type="STRING" value="3"/>
							<header name="Action" value="urn:getTotalOrderAmount"/>
                            <send>
                                <endpoint key="PurchasingServiceEP"/>
                            </send>
                            <log category="INFO" level="custom" separator=",">
                                <property name="DEBUG" value="Request Sent : totalOrderAmount"/>
                                <property
                                    expression="get-property('STATE_NUMBER')" name="STATE_NUMBER"/>
                            </log>
                        </onComplete>
                    </aggregate>
                </case>
                <case regex="4">
                    <header action="remove" name="Action"/>
                    <send/>
                </case>
                <default>
                    <drop/>
                </default>
            </switch>
        </outSequence>
        <faultSequence>
            <makefault version="soap12">
                <code value="soap12Env:Receiver" xmlns:soap12Env="http://www.w3.org/2003/05/soap-envelope"/>
                <reason expression="get-property('ERROR_MESSAGE')"/>
                <role/>
                <node/>
                <detail/>
            </makefault>
            <header action="remove" name="To"/>
            <send/>
        </faultSequence>
    </target>
    <publishWSDL>
        <wsdl:definitions
            targetNamespace="http://shoppingcart.acme.com/purchase"
            xmlns:ax2235="http://shoppingcart.acme.com/purchase/xsd"
            xmlns:http="http://schemas.xmlsoap.org/wsdl/http/"
            xmlns:mime="http://schemas.xmlsoap.org/wsdl/mime/"
            xmlns:ns="http://shoppingcart.acme.com/purchase"
            xmlns:ns1="http://org.apache.axis2/xsd"
            xmlns:soap="http://schemas.xmlsoap.org/wsdl/soap/"
            xmlns:soap12="http://schemas.xmlsoap.org/wsdl/soap12/"
            xmlns:wsaw="http://www.w3.org/2006/05/addressing/wsdl"
            xmlns:wsdl="http://schemas.xmlsoap.org/wsdl/" xmlns:xs="http://www.w3.org/2001/XMLSchema">
            <wsdl:documentation>PurchasingService</wsdl:documentation>
            <wsdl:types>
                <xs:schema attributeFormDefault="qualified"
                    elementFormDefault="qualified"
                    targetNamespace="http://shoppingcart.acme.com/purchase/xsd" xmlns:ax2235="http://shoppingcart.acme.com/purchase/xsd">
                    <xs:complexType name="PurchaseOrder">
                        <xs:sequence>
                            <xs:element maxOccurs="unbounded"
                                minOccurs="0" name="order"
                                nillable="true" type="ax2235:Order"/>
                        </xs:sequence>
                    </xs:complexType>
                    <xs:complexType name="Order">
                        <xs:sequence>
                            <xs:element minOccurs="0" name="code"
                                nillable="true" type="xs:string"/>
                            <xs:element minOccurs="0" name="quantity"
                                nillable="true" type="xs:string"/>
                        </xs:sequence>
                    </xs:complexType>
                    <xs:complexType name="CustomerDetails">
                        <xs:sequence>
                            <xs:element minOccurs="0" name="cardType"
                                nillable="true" type="xs:string"/>
                            <xs:element minOccurs="0" name="cardNumber"
                                nillable="true" type="xs:string"/>
                            <xs:element minOccurs="0" name="name"
                                nillable="true" type="xs:string"/>
                            <xs:element minOccurs="0"
                                name="shippingAddress" nillable="true" type="xs:string"/>
                            <xs:element minOccurs="0" name="email"
                                nillable="true" type="xs:string"/>
                        </xs:sequence>
                    </xs:complexType>
					<xs:element name="checkoutResponse">
                    	<xs:complexType>
                        	<xs:sequence>
                            	<xs:element minOccurs="0" name="return" type="xs:boolean" />
              				</xs:sequence>
              			</xs:complexType>
					</xs:element>
                </xs:schema>
                <xs:schema attributeFormDefault="qualified"
                    elementFormDefault="qualified"
                    targetNamespace="http://shoppingcart.acme.com/purchase" xmlns:ax2236="http://shoppingcart.acme.com/purchase/xsd">
                    <xs:import namespace="http://shoppingcart.acme.com/purchase/xsd"/>
                    <xs:element name="checkout">
                        <xs:complexType>
                            <xs:sequence>
                                <xs:element minOccurs="0"
                                    name="purchaseOrder" nillable="true" type="ax2236:PurchaseOrder"/>
                                <xs:element minOccurs="0"
                                    name="customerDetails"
                                    nillable="true" type="ax2236:CustomerDetails"/>
                            </xs:sequence>
                        </xs:complexType>
                    </xs:element>
                </xs:schema>
            </wsdl:types>
            <wsdl:message name="checkoutRequest">
                <wsdl:part element="ns:checkout" name="parameters"/>
            </wsdl:message>
			<wsdl:message name="checkoutResponse">
            	<wsdl:part element="ns:checkoutResponse" name="parameters"/>
           	</wsdl:message>
            <wsdl:portType name="PurchasingServicePortType">
                <wsdl:operation name="checkout">
                    <wsdl:input message="ns:checkoutRequest" wsaw:Action="urn:checkout"/>
					<wsdl:output message="ns:checkoutResponse" wsaw:Action="urn:checkoutResponse"/>
                </wsdl:operation>
            </wsdl:portType>
            <wsdl:binding name="PurchasingServiceSoap11Binding" type="ns:PurchasingServicePortType">
                <soap:binding style="document" transport="http://schemas.xmlsoap.org/soap/http"/>
                <wsdl:operation name="checkout">
                    <soap:operation soapAction="urn:checkout" style="document"/>
                    <wsdl:input>
                        <soap:body use="literal"/>
                    </wsdl:input>
					<wsdl:output>
                  		<soap12:body use="literal"/>
                  	</wsdl:output>
                </wsdl:operation>
            </wsdl:binding>
            <wsdl:binding name="PurchasingServiceSoap12Binding" type="ns:PurchasingServicePortType">
                <soap12:binding style="document" transport="http://schemas.xmlsoap.org/soap/http"/>
                <wsdl:operation name="checkout">
                    <soap12:operation soapAction="urn:checkout" style="document"/>
                    <wsdl:input>
                        <soap12:body use="literal"/>
                    </wsdl:input>
					<wsdl:output>
                   		<soap12:body use="literal"/>
                   	</wsdl:output>
                </wsdl:operation>
            </wsdl:binding>
            <wsdl:binding name="PurchasingServiceHttpBinding" type="ns:PurchasingServicePortType">
                <http:binding verb="POST"/>
                <wsdl:operation name="checkout">
                    <http:operation location="checkout"/>
                    <wsdl:input>
                        <mime:content part="parameters" type="text/xml"/>
                    </wsdl:input>
                </wsdl:operation>
            </wsdl:binding>
            <wsdl:service name="PurchasingService">
                <wsdl:port binding="ns:PurchasingServiceSoap11Binding" name="PurchasingServiceHttpsSoap11Endpoint">
                    <soap:address location="https://10.100.1.168:9444/services/PurchasingService.PurchasingServiceHttpsSoap11Endpoint/"/>
                </wsdl:port>
                <wsdl:port binding="ns:PurchasingServiceSoap11Binding" name="PurchasingServiceHttpSoap11Endpoint">
                    <soap:address location="http://10.100.1.168:9764/services/PurchasingService.PurchasingServiceHttpSoap11Endpoint/"/>
                </wsdl:port>
                <wsdl:port binding="ns:PurchasingServiceSoap12Binding" name="PurchasingServiceHttpsSoap12Endpoint">
                    <soap12:address location="https://10.100.1.168:9444/services/PurchasingService.PurchasingServiceHttpsSoap12Endpoint/"/>
                </wsdl:port>
                <wsdl:port binding="ns:PurchasingServiceSoap12Binding" name="PurchasingServiceHttpSoap12Endpoint">
                    <soap12:address location="http://10.100.1.168:9764/services/PurchasingService.PurchasingServiceHttpSoap12Endpoint/"/>
                </wsdl:port>
                <wsdl:port binding="ns:PurchasingServiceHttpBinding" name="PurchasingServiceHttpsEndpoint">
                    <http:address location="https://10.100.1.168:9444/services/PurchasingService.PurchasingServiceHttpsEndpoint/"/>
                </wsdl:port>
                <wsdl:port binding="ns:PurchasingServiceHttpBinding" name="PurchasingServiceHttpEndpoint">
                    <http:address location="http://10.100.1.168:9764/services/PurchasingService.PurchasingServiceHttpEndpoint/"/>
                </wsdl:port>
            </wsdl:service>
        </wsdl:definitions>
    </publishWSDL>
    <parameter name="wsDiscoveryParams">
        <Scopes xmlns="http://ws.apache.org/ns/synapse">http://shopping-cart.samples.stratos.wso2.org/service/purchasing/proxy</Scopes>
    </parameter>
</proxy>
