<?xml version='1.0' encoding='UTF-8'?>
<?artifactRepository version='1.1.0'?>
<repository name='Bundle pool' type='org.eclipse.equinox.p2.artifact.repository.simpleRepository' version='1'>
  <properties size='2'>
    <property name='p2.system' value='true'/>
    <property name='p2.timestamp' value='1249321208179'/>
  </properties>
  <mappings size='3'>
    <rule filter='(&amp; (classifier=osgi.bundle))' output='${repoUrl}/plugins/${id}-${version}.jar'/>
    <rule filter='(&amp; (classifier=binary))' output='${repoUrl}/binary/${id}_${version}'/>
    <rule filter='(&amp; (classifier=org.eclipse.update.feature))' output='${repoUrl}/features/${id}_${version}.jar'/>
  </mappings>
  <artifacts size='57'>
    <artifact classifier='osgi.bundle' id='org.eclipse.ecf.provider.filetransfer.httpclient.ssl' version='1.0.0.v20090520-0800'>
      <properties size='2'>
        <property name='artifact.size' value='15927'/>
        <property name='download.size' value='15927'/>
      </properties>
    </artifact>
    <artifact classifier='osgi.bundle' id='org.eclipse.ecf.provider.filetransfer.httpclient' version='3.0.0.v20090520-0800'>
      <properties size='2'>
        <property name='artifact.size' value='62142'/>
        <property name='download.size' value='62142'/>
      </properties>
    </artifact>
    <artifact classifier='osgi.bundle' id='org.eclipse.equinox.app' version='1.2.0.v20090520-1800'>
      <properties size='2'>
        <property name='artifact.size' value='81684'/>
        <property name='download.size' value='81684'/>
      </properties>
    </artifact>
    <artifact classifier='osgi.bundle' id='org.eclipse.core.runtime.compatibility.auth' version='3.2.100.v20090413'>
      <properties size='2'>
        <property name='artifact.size' value='21559'/>
        <property name='download.size' value='21559'/>
      </properties>
    </artifact>
    <artifact classifier='osgi.bundle' id='org.eclipse.core.expressions' version='3.4.100.v20090429-1800'>
      <properties size='2'>
        <property name='artifact.size' value='85750'/>
        <property name='download.size' value='85750'/>
      </properties>
    </artifact>
    <artifact classifier='osgi.bundle' id='org.eclipse.equinox.frameworkadmin' version='1.0.100.v20090520-1905'>
      <properties size='2'>
        <property name='artifact.size' value='33630'/>
        <property name='download.size' value='33630'/>
      </properties>
    </artifact>
    <artifact classifier='osgi.bundle' id='org.eclipse.core.contenttype' version='3.4.0.v20090429-1800'>
      <properties size='2'>
        <property name='artifact.size' value='87491'/>
        <property name='download.size' value='87491'/>
      </properties>
    </artifact>
    <artifact classifier='osgi.bundle' id='org.eclipse.equinox.p2.metadata.repository' version='1.0.100.v20090520-1905'>
      <properties size='2'>
        <property name='artifact.size' value='125061'/>
        <property name='download.size' value='125061'/>
      </properties>
    </artifact>
    <artifact classifier='osgi.bundle' id='org.eclipse.ecf.ssl' version='1.0.0.v20090520-0800'>
      <properties size='2'>
        <property name='artifact.size' value='10684'/>
        <property name='download.size' value='10684'/>
      </properties>
    </artifact>
    <artifact classifier='osgi.bundle' id='org.eclipse.equinox.p2.console' version='1.0.100.v20090520-1905-wso2v1'>
      <properties size='2'>
        <property name='artifact.size' value='15357'/>
        <property name='download.size' value='15357'/>
      </properties>
    </artifact>
    <artifact classifier='osgi.bundle' id='org.apache.commons.codec' version='1.3.0.v20080530-1600'>
      <properties size='2'>
        <property name='artifact.size' value='53772'/>
        <property name='download.size' value='53772'/>
      </properties>
    </artifact>
    <artifact classifier='osgi.bundle' id='org.eclipse.osgi' version='3.5.0.v20090520'>
      <properties size='2'>
        <property name='artifact.size' value='1122602'/>
        <property name='download.size' value='1122602'/>
      </properties>
    </artifact>
    <artifact classifier='osgi.bundle' id='org.eclipse.equinox.p2.exemplarysetup' version='1.0.100.v20090520-1905'>
      <properties size='2'>
        <property name='artifact.size' value='8414'/>
        <property name='download.size' value='8414'/>
      </properties>
    </artifact>
    <artifact classifier='osgi.bundle' id='org.eclipse.ecf.provider.filetransfer.ssl' version='1.0.0.v20090520-0800'>
      <properties size='2'>
        <property name='artifact.size' value='7618'/>
        <property name='download.size' value='7618'/>
      </properties>
    </artifact>
    <artifact classifier='osgi.bundle' id='org.eclipse.core.commands' version='3.5.0.I20090429-1800'>
      <properties size='2'>
        <property name='artifact.size' value='105800'/>
        <property name='download.size' value='105800'/>
      </properties>
    </artifact>
    <artifact classifier='osgi.bundle' id='org.eclipse.core.net' version='1.2.0.I20090522-1010'>
      <properties size='2'>
        <property name='artifact.size' value='64153'/>
        <property name='download.size' value='64153'/>
      </properties>
    </artifact>
    <artifact classifier='osgi.bundle' id='org.eclipse.equinox.util' version='1.0.100.v20090520-1800'>
      <properties size='2'>
        <property name='artifact.size' value='75578'/>
        <property name='download.size' value='75578'/>
      </properties>
    </artifact>
    <artifact classifier='osgi.bundle' id='org.eclipse.ecf.provider.filetransfer' version='3.0.0.v20090520-0800'>
      <properties size='2'>
        <property name='artifact.size' value='119027'/>
        <property name='download.size' value='119027'/>
      </properties>
    </artifact>
    <artifact classifier='osgi.bundle' id='org.eclipse.equinox.p2.extensionlocation' version='1.0.100.v20090520-1905'>
      <properties size='2'>
        <property name='artifact.size' value='30839'/>
        <property name='download.size' value='30839'/>
      </properties>
    </artifact>
    <artifact classifier='osgi.bundle' id='org.eclipse.equinox.p2.metadata.generator' version='1.0.100.v20090520-1905'>
      <properties size='2'>
        <property name='artifact.size' value='132839'/>
        <property name='download.size' value='132839'/>
      </properties>
    </artifact>
    <artifact classifier='osgi.bundle' id='org.eclipse.equinox.p2.core' version='1.0.100.v20090520-1905'>
      <properties size='2'>
        <property name='artifact.size' value='124814'/>
        <property name='download.size' value='124814'/>
      </properties>
    </artifact>
    <artifact classifier='osgi.bundle' id='org.eclipse.equinox.p2.garbagecollector' version='1.0.100.v20090520-1905'>
      <properties size='2'>
        <property name='artifact.size' value='21556'/>
        <property name='download.size' value='21556'/>
      </properties>
    </artifact>
    <artifact classifier='osgi.bundle' id='org.eclipse.equinox.p2.publisher' version='1.0.0.v20090521-1912'>
      <properties size='2'>
        <property name='artifact.size' value='266703'/>
        <property name='download.size' value='266703'/>
      </properties>
    </artifact>
    <artifact classifier='osgi.bundle' id='org.sat4j.core' version='2.1.0.v20090520'>
      <properties size='2'>
        <property name='artifact.size' value='175618'/>
        <property name='download.size' value='175618'/>
      </properties>
    </artifact>
    <artifact classifier='osgi.bundle' id='org.eclipse.equinox.p2.repository.tools' version='1.0.0.v20090520-1905'>
      <properties size='2'>
        <property name='artifact.size' value='167464'/>
        <property name='download.size' value='167464'/>
      </properties>
    </artifact>
    <artifact classifier='osgi.bundle' id='org.eclipse.equinox.p2.artifact.repository' version='1.0.100.v20090520-1905-wso2v1'>
      <properties size='2'>
        <property name='artifact.size' value='156335'/>
        <property name='download.size' value='156335'/>
      </properties>
    </artifact>
    <artifact classifier='osgi.bundle' id='org.eclipse.equinox.p2.metadata' version='1.0.100.v20090520-1905'>
      <properties size='2'>
        <property name='artifact.size' value='53192'/>
        <property name='download.size' value='53192'/>
      </properties>
    </artifact>
    <artifact classifier='osgi.bundle' id='org.apache.commons.logging' version='1.0.4.v200904062259'>
      <properties size='2'>
        <property name='artifact.size' value='44210'/>
        <property name='download.size' value='44210'/>
      </properties>
    </artifact>
    <artifact classifier='osgi.bundle' id='org.eclipse.core.runtime' version='3.5.0.v20090429-1800'>
      <properties size='2'>
        <property name='artifact.size' value='69777'/>
        <property name='download.size' value='69777'/>
      </properties>
    </artifact>
    <artifact classifier='osgi.bundle' id='org.eclipse.ecf.filetransfer' version='3.0.0.v20090520-0800'>
      <properties size='2'>
        <property name='artifact.size' value='48748'/>
        <property name='download.size' value='48748'/>
      </properties>
    </artifact>
    <artifact classifier='osgi.bundle' id='org.eclipse.equinox.simpleconfigurator.manipulator' version='1.0.100.v20090520-1905'>
      <properties size='2'>
        <property name='artifact.size' value='21357'/>
        <property name='download.size' value='21357'/>
      </properties>
    </artifact>
    <artifact classifier='osgi.bundle' id='org.eclipse.equinox.p2.reconciler.dropins' version='1.0.100.v20090520-1905'>
      <properties size='2'>
        <property name='artifact.size' value='39917'/>
        <property name='download.size' value='39917'/>
      </properties>
    </artifact>
    <artifact classifier='osgi.bundle' id='org.eclipse.osgi.services' version='3.2.0.v20090520-1800'>
      <properties size='2'>
        <property name='artifact.size' value='66065'/>
        <property name='download.size' value='66065'/>
      </properties>
    </artifact>
    <artifact classifier='osgi.bundle' id='org.eclipse.equinox.concurrent' version='1.0.0.v20090520-1800'>
      <properties size='2'>
        <property name='artifact.size' value='18655'/>
        <property name='download.size' value='18655'/>
      </properties>
    </artifact>
    <artifact classifier='osgi.bundle' id='org.eclipse.equinox.p2.updatechecker' version='1.1.0.v20090520-1905'>
      <properties size='2'>
        <property name='artifact.size' value='15028'/>
        <property name='download.size' value='15028'/>
      </properties>
    </artifact>
    <artifact classifier='osgi.bundle' id='org.eclipse.equinox.launcher' version='1.0.200.v20090520'>
      <properties size='2'>
        <property name='artifact.size' value='44770'/>
        <property name='download.size' value='44770'/>
      </properties>
    </artifact>
    <artifact classifier='osgi.bundle' id='org.apache.commons.httpclient' version='3.1.0.v20080605-1935'>
      <properties size='2'>
        <property name='artifact.size' value='320150'/>
        <property name='download.size' value='320150'/>
      </properties>
    </artifact>
    <artifact classifier='osgi.bundle' id='org.eclipse.equinox.p2.touchpoint.natives' version='1.0.100.v20090520-1905'>
      <properties size='2'>
        <property name='artifact.size' value='46245'/>
        <property name='download.size' value='46245'/>
      </properties>
    </artifact>
    <artifact classifier='osgi.bundle' id='org.eclipse.equinox.common' version='3.5.0.v20090520-1800'>
      <properties size='2'>
        <property name='artifact.size' value='99430'/>
        <property name='download.size' value='99430'/>
      </properties>
    </artifact>
    <artifact classifier='osgi.bundle' id='org.eclipse.ecf' version='3.0.0.v20090520-0800'>
      <properties size='2'>
        <property name='artifact.size' value='86383'/>
        <property name='download.size' value='86383'/>
      </properties>
    </artifact>
    <artifact classifier='osgi.bundle' id='org.eclipse.equinox.p2.director' version='1.0.100.v20090520-1905'>
      <properties size='2'>
        <property name='artifact.size' value='86973'/>
        <property name='download.size' value='86973'/>
      </properties>
    </artifact>
    <artifact classifier='osgi.bundle' id='org.eclipse.equinox.simpleconfigurator' version='1.0.100.v20090520-1905'>
      <properties size='2'>
        <property name='artifact.size' value='37600'/>
        <property name='download.size' value='37600'/>
      </properties>
    </artifact>
    <artifact classifier='osgi.bundle' id='org.eclipse.equinox.security' version='1.0.100.v20090520-1800'>
      <properties size='2'>
        <property name='artifact.size' value='104691'/>
        <property name='download.size' value='104691'/>
      </properties>
    </artifact>
    <artifact classifier='osgi.bundle' id='org.eclipse.equinox.p2.directorywatcher' version='1.0.100.v20090520-1905'>
      <properties size='2'>
        <property name='artifact.size' value='27592'/>
        <property name='download.size' value='27592'/>
      </properties>
    </artifact>
    <artifact classifier='osgi.bundle' id='org.sat4j.pb' version='2.1.0.v20090520'>
      <properties size='2'>
        <property name='artifact.size' value='106651'/>
        <property name='download.size' value='106651'/>
      </properties>
    </artifact>
    <artifact classifier='osgi.bundle' id='org.eclipse.equinox.p2.engine' version='1.0.100.v20090520-1905'>
      <properties size='2'>
        <property name='artifact.size' value='157148'/>
        <property name='download.size' value='157148'/>
      </properties>
    </artifact>
    <artifact classifier='osgi.bundle' id='org.eclipse.equinox.registry' version='3.4.100.v20090520-1800'>
      <properties size='2'>
        <property name='artifact.size' value='173316'/>
        <property name='download.size' value='173316'/>
      </properties>
    </artifact>
    <artifact classifier='osgi.bundle' id='org.eclipse.equinox.p2.director.app' version='1.0.100.v20090521-1912'>
      <properties size='2'>
        <property name='artifact.size' value='44884'/>
        <property name='download.size' value='44884'/>
      </properties>
    </artifact>
    <artifact classifier='osgi.bundle' id='org.eclipse.equinox.p2.repository' version='1.0.0.v20090520-1905'>
      <properties size='2'>
        <property name='artifact.size' value='105169'/>
        <property name='download.size' value='105169'/>
      </properties>
    </artifact>
    <artifact classifier='osgi.bundle' id='org.eclipse.equinox.frameworkadmin.equinox' version='1.0.100.v20090520-1905'>
      <properties size='2'>
        <property name='artifact.size' value='60354'/>
        <property name='download.size' value='60354'/>
      </properties>
    </artifact>
    <artifact classifier='osgi.bundle' id='org.eclipse.equinox.p2.touchpoint.eclipse' version='1.0.100.v20090520-1905-wso2v1'>
      <properties size='2'>
        <property name='artifact.size' value='95521'/>
        <property name='download.size' value='95521'/>
      </properties>
    </artifact>
    <artifact classifier='osgi.bundle' id='org.eclipse.equinox.p2.updatesite' version='1.0.100.v20090520-1905'>
      <properties size='2'>
        <property name='artifact.size' value='67154'/>
        <property name='download.size' value='67154'/>
      </properties>
    </artifact>
    <artifact classifier='osgi.bundle' id='org.eclipse.equinox.ds' version='1.1.0.v20090520-1800'>
      <properties size='2'>
        <property name='artifact.size' value='167353'/>
        <property name='download.size' value='167353'/>
      </properties>
    </artifact>
    <artifact classifier='osgi.bundle' id='org.eclipse.equinox.preferences' version='3.2.300.v20090520-1800'>
      <properties size='2'>
        <property name='artifact.size' value='105368'/>
        <property name='download.size' value='105368'/>
      </properties>
    </artifact>
    <artifact classifier='osgi.bundle' id='org.eclipse.ecf.identity' version='3.0.0.v20090520-0800'>
      <properties size='2'>
        <property name='artifact.size' value='53743'/>
        <property name='download.size' value='53743'/>
      </properties>
    </artifact>
    <artifact classifier='osgi.bundle' id='org.eclipse.equinox.p2.jarprocessor' version='1.0.100.v20090520-1905'>
      <properties size='2'>
        <property name='artifact.size' value='61359'/>
        <property name='download.size' value='61359'/>
      </properties>
    </artifact>
    <artifact classifier='osgi.bundle' id='org.eclipse.core.jobs' version='3.4.100.v20090429-1800'>
      <properties size='2'>
        <property name='artifact.size' value='81848'/>
        <property name='download.size' value='81848'/>
      </properties>
    </artifact>
  </artifacts>
</repository>
